Clothing ID,Age,Title,Review Text,Rating,Recommended IND,Positive Feedback Count,Division Name,Department Name,Class Name,sentiment_overall,emotional_traits,behavioral_traits,concepts
767,33,,Absolutely wonderful   silky and sexy and comfortable,4,1,0,Initmates,Intimate,Intimates,100.0,,,"['silky', 'fantastic', 'sexy', 'comfortable']"
767,44,Runs big,Bought the black xs to go under the larkspur midi dress because they didn t bother lining the skirt portion  grrrrrrrrrrr    my stats are 34a 28 29 36 and the xs fit very smoothly around the chest and was flowy around my lower half  so i would say it s running big   the straps are very pretty and it could easily be nightwear too   i m 5 6  and it came to just below my knees ,5,1,0,Initmates,Intimate,Intimates,-0.8,,,"['dress', 'midi', 'skirt', 'larkspur', 'statistics', 'portion', 'nightwear', 'strap', 'chest', 'half', 'knee', 'pretty', 'low', 'black', 'large']"
368,33,,I am pregnant and i thought this would be a great sleep bra  it s soft and fits okay  but it has zero support or shape  i would only buy if you are a b cup or smaller and can get away without support  if i would have seen this is the store  i would have passed over it  however  i was too lazy to return so i am wearing it  it s comfortable so that s a redeeming quality  i would not recommend for larger chested ladies  though ,2,0,3,Initmates,Intimate,Intimates,-11.69,,Sedentariness,"['keep', 'store', 'bra', 'soft', 'sleep', 'shapes', 'support', 'cup', 'quality', 'lady', 'redeeming', 'lazy', 'pregnant', 'comfortable']"
368,52,Soft and comfortable,I ve been looking for bralettes that provide some support but not binding tight for night time and casual wear  this is a light weight bra  could be a little more supportive  pretty color  with nice lines  only downside is the retailer tag on the back   itchy  i need to remove it  ,4,1,1,Initmates,Intimate,Intimates,-25.6,,,"['bra', 'casual', 'night', 'downside', 'itchy', 'support', 'visible light', 'weight', 'color', 'retailer', 'only', 'supportive', 'rear', 'discriminate', 'label']"
368,36,Itchy tags,3 tags sewn in  2 small  about 1   long  and 1 huge  about 2   x 3     very itchy so i cut them out  then the thread left behind was plasticy and even more itchy  how can you make an intimates item with such itchy tags  not comfortable at all  also   i love bralettes and wear them all the time including to work  i am a b cup  however  this one is so thin and flimsy that it gives no support even to a b cup   so for me this would only be a lounging bralette   if it wasn t so itchy ,1,0,0,Initmates,Intimate,Intimates,-0.1,,,"['intimate', 'thread', 'item', 'cup', 'flimsy', 'support', 'small', 'lounging', 'label', 'no', 'comfortable', 'itchy', 'such', 'thin', 'huge']"
746,34,Lovely fabric but tiny hips,If your hips are bigger than a size 6 us you can t fully close this robe  the model must be wearing the larger of the two sizes to have such a nice oversized fit  the fabric is soft and lux and amazing  but the weird dart in the back and the closure is right over my sadly size 8 hips and butt  if i was taller and thinner i would have kept this and worn it every day ,3,1,0,Initmates,Intimate,Intimates,-1.1,Sadness,,"['hip', 'dart', 'size', 'fabric', 'robe', 'behind', 'mannequin', 'lux', 'back', 'closure', 'weird', 'oversized', 'amazing', 'nice', 'soft']"
724,69,Cute slip but very body hugging,Ordered this in white  it is really nice and sexy but very body hugging and unforgiving  perhaps it is my large stomach  but it hugs a bit too much for my liking  yet i think overall the design is very nice so i am keeping it and hoping i can lose some weight in my tum ,4,1,1,Initmates,Intimate,Intimates,17.2,Affection,,"['stomach', 'weight', 'liking', 'pattern', 'unforgiving', 'some', 'sexy', 'nice', 'bit', 'large', 'body', 'white']"
204,30,Else lingerie jardin silk bralette review,This bra is extremely comfortable and surprisingly supportive considering the lack of padding or firm material  it also runs large ,5,1,0,Initmates,Intimate,Intimates,55.4,Surprise,,"['large', 'bra', 'want', 'padding', 'material', 'supportive', 'comfortable', 'firm']"
754,48,Classic with a twist,Beautiful pajama bottoms  i purchased these as a special treat for myself  luckily  i found a review on another site  stating that these run small  before pirchasing  no one wants tight pjs  order a size up  also  i m 5 8  tall and the length is just right  if you are taller  you may find this style too short  i haven t ordered the top  because i m not sure of the fit  but i m guessing it also runs small  based on the photo ,5,1,0,Initmates,Intimate,Intimates,5.9,,Organization,"['trend', 'haven', 'pajama', 'small', 'size', 'length', 'small', 'treat', 'fit', 'photo', 'review', 'site', 'bottom', 'special', 'beautiful']"
1154,39,"Pretty color, nice fit, fun t-back",I guess this is a true to size  i am usually a 30dd and ordered 32d  fits great  the back is really pretty  so even though it is a tiny bit looser  i decided to keep it   ,5,1,0,Initmates,Intimate,Intimates,3.2,,,"['back', 'true', 'size', 'ordered', 'tiny', 'bit']"
1154,44,Worth every penny!,This bra is so well made and fits beautifully ,5,1,0,Initmates,Intimate,Intimates,65.8,,,"['bra', 'well']"
59,45,Fabulous,These undergarments are comfortable  streamlined  and well made  this bra holds up well without wires  i am a 34b and wear a small  it is a bit tight at first  but form fits after one wear    after trying one bra and i ordered 4 more  then i researched the brand and bought camis to match  i love how all the colors and styles are interchangeable ,5,1,2,Initmates,Intimate,Intimates,10.89,,Knowledge,"['bra', 'underwear', 'camisole', 'kind', 'hold', 'streamlined', 'wire', 'shapes', 'way', 'color', 'comfortable', 'interchangeable', 'little', 'bit']"
59,68,,This is the perfect bralette for comfort  it s soft and fits to form really quickly  i wear a b cup  and it s enough support for me to wear daily doing everything other than heavy exercise  now  at 5 months pregnant it s pretty much perfect to sleep in too  i m at 35 band  and i m still wearing it on the loosest closure  but it fits perfectly there for me ,5,1,1,Initmates,Intimate,Intimates,5.19,Empathy,,"['soft', 'exercise', 'band', 'blockage', 'month', 'cup', 'effortful', 'perfect', 'pregnant', 'loose']"
230,30,Skarlett blue demi convertible bra review,This is by far the most comfortable bra i ve ever owned  i love the convertible strap feature  it s great for shirts with a back cutout ,5,1,1,Initmates,Intimate,Intimates,15.6,,,"['shirt', 'bra', 'strap', 'cut-out', 'convertible', 'comfortable', 'back']"
744,63,Beautiful chemise!,This well made chemise is figure flattering and just the right length for me  5 2    i would wear it as a slip or a nightie  looking forward to wearing it ,5,1,0,Initmates,Intimate,Intimates,1.7,Excitement,,"['chemise', 'well', 'chemise', 'nightdress', 'length', 'flattering', 'right', 'figure']"
411,55,,nan,5,1,0,Initmates,Intimate,Intimates,0.0,,,['naan']
411,38,Too tight and too big at the same time.,I m a 32 a  and i bought a small  i found that the tube portion is pretty tight  but probably needed to keep things up  because there is not a clasp in the front or back  it is really hard to get in and out of  i d probably be ok with it  but the cups were too big for me  i think i would need to be a c to fill it   the quality is really nice and the molded cups are a good shape  i wish i could have made it work  because it was really comfortable  i returned it in the end ,3,1,0,Initmates,Intimate,Intimates,6.9,,,"['fitness', 'cup', 'quality', 'clasp', 'work', 'part', 'end', 'shaped', 'nice', 'tube', 'comfortable', 'things', 'all right', 'little', 'hard']"
411,37,Best strapless ever,Hi ladies   does this bra take a contortionist to put it on the first time  yes  did my boyfriend laugh at me hysterically while i tried to get it over the girls  yes  however  i am a large chested girl 34d  i bought the large and this is honestly the absolute best  most comfortable  amazing  non hurting poking best strapless bra i have ever owned  i just bought three more  just in case the first two wear out  i love this  i love how far it comes down on the sides  i love that it doesn t slip do,5,1,0,Initmates,Intimate,Intimates,38.09,Amusement,Honesty,"['bra', 'strapless bra', 'boyfriend', 'yes', 'pain', 'yes', 'lady', 'miss', 'girlfriend', 'contortionist', 'hello', 'two', 'amazing', 'comfortable', 'large']"
411,29,Runs very small,This bra runs very small  and is hard to get on and off  i think if i went a size up i would be happier ,2,0,0,Initmates,Intimate,Intimates,2.2,Happiness,,"['bra', 'size', 'hard', 'happy']"
411,48,Good luck getting it on!,You have to be a contortionist to get this bra on  it slips over your head and i needed my 8yo daughter to help me pull it down past my elbows  ridiculously impractical  why oh why didn t heather give it a hook and loop closure instead ,2,0,1,Initmates,Intimate,Intimates,-0.5,,,"['heather', 'hook', 'daughter', 'bra', 'elbow', 'closure', 'head', 'loop', 'contortionist', 'impractical']"
411,41,Comfortable strapless,While there us no clasp and this bra does require you to pull it over your head  i did not find it to be too difficult  i love that the bra stays in place and that i do not have to constantly pull it up throughout the day  it s quite comfortable too  i wish i had ordered the same bra with the straps too before they sold out of my size ,5,1,2,Initmates,Intimate,Intimates,0.6,,Organization,"['bra', 'strap', 'mind', 'clasp', 'size', 'same', 'no', 'comfortable', 'difficult']"
178,24,Very sheer and not as form fitting,I have been eyeing this piece for months now  i broke down and bought it when they finally had my size in stock  i am 5  4 and 110 lbs and have a very small chest so i ordered an xs  i think the top is too baggy for me  yes  the top and bottoms fit overall  but it doesn t look as nice and form fitting like it does on the model  it is very sheer  which is the thing that discourages me the most  i love the concept of this piece but the execution could use some work  which i am willing to work on s,3,0,0,Initmates,Intimate,Intimates,-1.1,Stress,Violence Unlawfulness,"['top', 'yes', 'chest', 'work', 'stock', 'concept', 'bottoms', 'murder', 'model', 'size', 'form', 'baggy', 'bit', 'some', 'rank']"
431,19,Really cute,This bra is just as cute in person as it is in the pic  i can tell it s pretty well made and i love that it has a lot of little details like on the straps and the cute front closure and lacy racerback  it also fits pretty true to size  which is a must for me because i often get bras that leave my boobs spilling out  however  this bra isn t the comfiest even though it looks like it would be pretty comfy in the picture the style doesn t look too stiff or anything and the size i got isn t too tight,4,1,0,Initmates,Intimate,Intimates,-3.4,,,"['bra', 'tit', 'strap', 'size', 'must', 'blockage', 'detail', 'painting', 'photo', 'look', 'many', 'way', 'comfortable', 'lacy', 'cute']"
34,42,The best boy short,I love panties  i love the prettiest  softest  most adore worthy panties i can find  these are my favorite boy shorts  i can always put them on and feel pretty  no weird tight spots and the lace has a perfect amount of stretch  im a mom and my body isn t perfect anymore  but these panties give me confidence  with perfect coverage  i choose them more often than any other in my lingerie drawer  my only warning  wash these pretties as delicates  or the lovely lace colors will fade ,5,1,0,Initmates,Intimate,Intimates,7.8,,Initiative,"['lace', 'warning', 'delicates', 'underwear', 'shorts', 'panty', 'draftsman', 'mom', 'confidence', 'amount', 'panties', 'pretties', 'coverage', 'only', 'beautiful']"
807,21,,I purchased this sweet little cami in all three colors  the black for some reason only available to order in store   the fabric is luxurious and smooth to the touch  i ve purchased other silk shells by eloise and would say this one runs small  i m 5 2  125lbs 34c and and typically wear an xs at retailer  this tank was too tight in the chest and i sized up to a small which fixed the problem  i can t wait to make my jeans and bomber jackets for fall just a little more special with these babies ,5,1,2,Initmates,Intimate,Intimates,0.69,,Organization,"['fabric', 'silk', 'jeans', 'small', 'chest', 'bomber jacket', 'camisole', 'retailer', 'problem', 'store', 'black', 'touch', 'tank', 'three', 'reason']"
807,39,Great top!,I typically wear an xs to s in tops and purchased an xs for a less flowy fit   this top has a luxurious feel and the green color is really beautiful  more matte than shiny    perfect piece to wear under a jacket or blazer ,5,1,0,Initmates,Intimate,Intimates,17.1,,,"['top', 'tactile property', 'jacket', 'blazer', 'matt', 'color', 'green', 'luxurious', 'bright', 'less', 'beautiful', 'perfect', 'piece', 'more']"
807,43,Gorgeous green color,Great piece just wish it fit a bit more blousy rather than cami,5,1,0,Initmates,Intimate,Intimates,13.3,,,"['bit', 'camisole', 'additional', 'piece', 'neat']"
160,23,,Well fitting bra  comfortable  not itchy   lace doesn t show through tops ,5,1,1,Initmates,Intimate,Intimates,27.39,,,"['lace', 'bra', 'top', 'itchy', 'comfortable', 'exhibit', 'meet']"
1173,68,Girly bra,I am usually a 32a  i ended up with a 34 b based on sales assoc input and what was available  the 32 gave me back fat   i do not have back fat  so she said the 34 would be better  it ran small etc  the 34 also fit   had to be ordered and mailed  but it still gave me  flab  over the back band  comparing it to my other regular bras  i can see that the band has too thin fabric and rolls and has  harder edges  compared to wider   thicker band on my other bras  very pretty but i will be returning  sa,4,1,0,Initmates,Intimate,Intimates,-2.59,,,"['fabric', 'bra', 'flab', 'band', 'small', 'band', 'band', 'sale', 'input', 'thick', 'rear', 'pretty', 'fat', 'broad', 'thin']"
1173,34,Cute but hard to put on,Got this in the mail today and while the design is cute  it s not as soft and comfortable as i would like  the front clasp takes a bit of practice to get on and off  the straps are a bit thin and hurts a bit ,3,1,0,Initmates,Intimate,Intimates,2.79,,,"['take', 'hold', 'practice', 'strap', 'pattern', 'a bit of', 'cute', 'comfortable', 'post', 'front', 'bit', 'thin', 'bit', 'soft']"
248,38,"A supportive, comfy bralette? actually, yes.",I m a 32dd  so i wouldn t normally wear a bralette out of the house  not enough support   this bralette is actually very supportive and comfortable  i m probably going to get at least one more  for reference  i m a 32dd  small back  big boobs  and a small fit me extremely well ,5,1,0,Initmates,Intimate,Intimates,8.6,,Apprehension,"['small', 'tit', 'small', 'house', 'reference', 'supportive', 'comfortable', 'large']"
248,49,Pretty but not perfect,This is pretty and provides coverage with a bit of support for wearing around the house  i m a 34b so i ordered the small  it still had room in it so i tightened the straps and used the tightest hooks on the back  and that makes it fit ok  i bought it just to wear at home since i was not expecting a great deal of support or shaping  and while it feels ok it is not super comfy  it s a bit scratchy around the edges  i was going to buy another color if i loved this  but as it is i will keep the one,3,1,0,Initmates,Intimate,Intimates,0.1,,,"['room', 'strap', 'house', 'back', 'plenty', 'one', 'coverage', 'a bit of', 'comfortable', 'scratchy', 'hook', 'tight', 'color', 'all right', 'support']"
248,48,Beautiful & comfortable w/perfect fit,Only the xxs was left  so i was a little concerned that it might be too small  not the case at all thanks to the very functional adjustable straps   high quality of craftsmanship   design  for reference  i m 32c  5 2 110 115lbs   kind off petite w an athletic build  the black is lovely classic  the color  along with the beautiful design give this a timeless classic french look  very comfortable  too  love so much i  ordering more ,5,1,0,Initmates,Intimate,Intimates,5.19,Worry,Concern,"['high quality', 'classic', 'craft', 'color', 'kind', 'black', 'strap', 'thanks', 'pattern', 'look', 'plan', 'reference', 'case', 'adjustable', 'functional']"
798,37,Love this bra and pantie set!,I ordered size small  i am 5  6   32 b  the fabric is super soft and the fit is great  there s an adorable little quote on the pantie s lining  and the bra has a beautiful print on its inner lining  the feel of the lace and fabric is divine  love it  one more thing to note   there is very little lining in the bra  really nothing more than an extra layer of fabric  it is enough to protect modesty  but not much else ,5,1,0,Initmates,Intimate,Intimates,8.8,Like,Organization,"['fabric', 'lining', 'bra', 'panty', 'lace', 'small', 'black and white', 'fit', 'feel', 'quote', 'sizing', 'modesty', 'layer', 'adorable', 'enough']"
96,41,,This could have been an amazing chemise but it is too short even for bed  perhaps it could be used for a tank  i am 5 3 but do have a long torso  it did not fully cover my booty ,2,0,5,Initmates,Intimate,Intimates,-12.69,,,"['booty', 'torso', 'chemise', 'bed', 'tank', 'outstanding', 'short', 'long']"
14,32,Luxurious and flattering,The bikini bottoms are high quality and feel very luxurious  order one size up  this line runs small  i read the reviews and ordered a medium  i am normally xs s in underwear but the medium fits me perfectly  i wish i had ordered in other colors before they sold out  trust me you ll want another pair after trying these on ,5,1,0,Initmates,Intimate,Intimates,7.4,Trust,Trustfulness Organization,"['media', 'bikini', 'underwear', 'pair', 'high quality', 'll.', 'small', 'size', 'review', 'run', 'stamina', 'color', 'line', 'luxurious', 'order']"
288,48,Beautiful and comfortable!,There may be no inner lining  but it is a gorgeous bra  and so comfortable  the straps and well make and sturdy and the detailing is stunning  it is absolutely true to size  34c fit like a glove  a winner ,5,1,1,Initmates,Intimate,Intimates,35.4,,Competence,"['lining', 'bra', 'strap', 'size', 'detailing', 'glove', 'gorgeous', 'no', 'comfortable', 'winner', 'stunning', 'tough', 'inner', 'true']"
285,22,,It seemed to stay in place and did not require constant readjustment  however  i found the band to be extremely small and tight  it is not the most comfortable bra because of the way the band just presses into your skin ,1,0,2,Initmates,Intimate,Intimates,-15.3,,Apprehension,"['band', 'readjustment', 'bra', 'skin', 'comfortable', 'constant', 'way']"
412,34,Yasss,This bra is the one  i have been searching high and low to replace my worn out comfy bra  and this is it  if you are looking for a wireless bra with thin straps that can peek out from your shirt and not announce themselves as hello bra straps  a v neck cut  none of that scoop cut nonsense   and you don t care about trying to boost your cleavage  this bra has it all  so comfy too ,5,1,6,Initmates,Intimate,Intimates,5.4,Offence,Concern Lack of intelligence,"['bra', 'strap', 'shirt', 'neck', 'cleavage', 'wireless', 'hello', 'nonsense', 'worn', 'care', 'comfortable', 'scoop', 'thin', 'one', 'all']"
56,43,Beautiful and comfortable,I own a couple of pairs of natori hipsters and recently purchased the yellow to go with the front close natori bra  i tried to wear thong panties but they just didn t work for me  thankfully  natori makes these lovely panties that still make me feel sexy and they are way more comfortable  they also receive rave reviews from my husband     ,5,1,1,Initmates,Intimate,Intimates,1.6,,Gratefulness,"['panty', 'thong', 'yellow', 'hipster', 'rave', 'husband', 'brushup', 'duo', 'bra', 'pair', 'panties', 'work', 'adorable', 'sexy', 'front']"
173,24,Great product,Cute little sleep mask  the elastic band is wide so it doesn t ever feel like it s digging into your head  does a very good job keeping out light ,5,1,0,Initmates,Intimate,Intimates,1.5,Satisfaction,,"['elastic', 'mask', 'job', 'brightness', 'head', 'cute', 'broad', 'good']"
50,45,,These are soft and skim the body the way well fitted undergarments should  they do not pinch  bind  or ride up  they coordinate perfectly with the matching bra  i am very pleased with this purchase ,5,1,0,Initmates,Intimate,Intimates,9.5,Satisfaction,Organization,"['underwear', 'bra', 'body', 'purchase', 'pleased', 'matching', 'way', 'soft']"
373,51,The perfect bra,Oh how i love this bra   its so comfortable and very flattering  i find that many bralettes totally flatten me out but this one does not  and the floral lace here is just beautiful  the daisy type flowers look so cute and feminine  i ve got it in so many colors now  for sizing  i m 34b and the s m fits great ,5,1,1,Initmates,Intimate,Intimates,13.1,,,"['lace', 'look', 'daisy', 'bra', 'color', 'category', 'flattering', 'floral', 'flowers', 'so many', 'cute', 'feminine', 'comfortable', 'beautiful']"
35,52,Breathtaking,I am so happy with this chemise  the pink is the most breathtaking blush and the fabric is super soft  i like that the straps are adjustable  allowing me to make the bodice a perfect fit while adjusting the gown to the perfect length for me  it s definitely my new favorite ,5,1,1,Initmates,Intimate,Intimates,18.5,Embarrassment Happiness Excitement Like,,"['fabric', 'bodice', 'pink', 'gown', 'strap', 'blush', 'fit', 'chemise', 'favourite', 'length', 'breathtaking', 'perfect', 'adjustable', 'happy', 'soft']"
35,29,So comfortable!,Bought this for a vacation to mexico with my boyfriend  super flattering and soft  big thumbs up ,5,1,1,Initmates,Intimate,Intimates,20.39,,Dynamism,"['vacation', 'thumbs up', 'boyfriend', 'flattering', 'soft', 'large']"
35,24,,I love this gown so much  i have two of them  the gray and pink  they are really soft and comfortable  i sleep in them all of the time ,5,1,1,Initmates,Intimate,Intimates,33.4,,,"['gown', 'two', 'grey', 'comfortable', 'all', 'pink', 'soft', 'time']"
410,34,"Comfy, but too much coverage",I m a b cup who hates traditional underwire bras  so i was excited to try this one out  while i appreciate that this bra has more structure and support than other wireless comfy bras  the cups provided too much coverage for my style  if you want to wear a shirt with a wide neck  or do a cute off the shoulder thing with your shirt  the top of the cup shows  bummer ,3,0,0,Initmates,Intimate,Intimates,0.69,Hatred Excitement,,"['bra', 'shirt', 'underwire', 'trend', 'cup', 'cup', 'neck', 'shoulder', 'wireless', 'coverage', 'bummer', 'carpentry', 'cover', 'comfortable', 'support']"
207,37,Wanted to love it,I wanted to love this set  but sadly it just didn t fit as i had hoped  the small was bigger than expected and looked frumpy and not sexy  returned ,3,0,1,Initmates,Intimate,Intimates,0.6,Sadness,,"['small', 'frumpy', 'sexy', 'magnanimous']"
211,28,Beautiful,This is a beautiful piece for the price  very well made and flattering  i m a 34c and usually wear a size 2 4 on top and solid size 4 on bottom  a size small in this fit great  it does not provide any support up top though so be aware of that ,4,1,2,Initmates,Intimate,Intimates,4.19,,Awareness,"['size', 'support', 'great', 'price', 'size', 'bottom', 'flattering', 'fit', 'solid', 'greatest', 'beautiful', 'aware', 'any', 'piece']"
385,39,Soft!,Super soft comfy underwear  i sized up and they fit perfectly  normally wear xs and bought m for most comfortable fit  they don t ride up  i ended up ordering 5 more pairs  super comfy without being too  mom  like ,5,1,0,Initmates,Intimate,Intimates,14.19,,Organization,"['underwear', 'pair', 'mom', 'comfortable', 'soft']"
385,39,"Pretty, but rides up",I wanted to love these because they are so pretty and come in lots of colors  but after only a few minutes of wearing them  i was having to pull them out of my bottom  why does women s underwear so frequently ride up  i normally wear a size 4 28  and ordered these in a m  but i guess they were still too small  which seems unreasonable to me  they are soft and pretty  but i will not be ordering more ,3,0,1,Initmates,Intimate,Intimates,-3.4,,Organization,"['woman', 'size', 'underwear', 'drive', 'minute', 'bottom', 'unreasonable', 'pretty', 'color', 'soft']"
179,29,Poor bust design,As a petite  big busted woman  i found this dress wildly unflattering  the quality and pattern of the dress itself is beautiful  though it will require a slip as it is completely transparent  the design of the bust however  i found unflattering ,3,0,2,Initmates,Intimate,Intimates,-16.2,,Disagreement,"['dress', 'pattern', 'quality', 'chemise', 'woman', 'bust', 'elder', 'unflattering', 'broken', 'tiny', 'transparent', 'beautiful']"
384,30,Very nice,I m not sure what cup size i am  36b or 36c  but the medium fits perfect  material is soft and stretchy  i usually wear a medium size shirt  i definitely won t be wearing it out in public  but i like it a lot for at home wear  the matching underwear may run large  i m usually one size larger in bottoms than in tops  but the medium worked for those too ,5,1,0,Initmates,Intimate,Intimates,14.8,Like,,"['media', 'band', 'textile', 'underwear', 'shirt', 'top', 'size', 'bottoms', 'cup', 'stretchy', 'medium-sized', 'matching', 'sure', 'perfect', 'soft']"
352,24,,This is so beautiful  i loved it online  but it s even prettier in person  it s a little greener than it appears in the photo  the straps are actually a green rather than white  i m 5  6   123 lbs and the xs fits perfectly  worth the money ,5,1,1,Initmates,Intimate,Intimates,-2.7,Like,,"['strap', 'worth', 'green', 'money', 'photo', 'pretty', 'white', 'green', 'beautiful']"
645,37,Staple cami,This is a tts cami that should be a staple in everyone s closet  great for layering ,5,1,0,Initmates,Intimate,Intimates,5.8,,,"['camisole', 'raw material', 'great', 'confidential']"
645,65,Fabulous tank,I purchased this tank for the interesting open neck not realizing that the straps are elastic  i love it  the material is super soft and it fits nicely  snug but not too tight  the straps are wide enough to cover bra straps and the neckline being a little wider is really flattering  i got the black one but i am going to get more colors  great buy ,5,1,4,Initmates,Intimate,Intimates,5.59,Like,Unawareness,"['strap', 'strap', 'neckline', 'bra', 'neck', 'material', 'tank', 'cosy', 'colours', 'elastic', 'interesting', 'soft', 'opened', 'broad', 'black']"
645,29,Love it!,This tank is perfect  it fits close to the body  but does not squeeze  it is super soft  smooth  and comfy  it layers perfectly under blouses  this is by far my favorite basic tank ,5,1,2,Initmates,Intimate,Intimates,59.4,,,"['tank', 'tank', 'layer', 'comfortable', 'favourite', 'basic', 'perfect', 'smooth', 'body', 'close', 'soft']"
800,47,Light and breezy,I bought this in my usual size small   it is really light and airy  very pretty   as the other reviewer noted  it is longer in front and shorter in the back   the back hit my waistband  as it does on the model in the picture   it hid my bra very well  always a plus    i wouldn t describe the fabric as soft and i did get a static electricity issue  but the top stayed put   overall  very pleased ,4,1,0,Initmates,Intimate,Intimates,13.1,Satisfaction,,"['fabric', 'bra', 'static', 'waistband', 'mannequin', 'positive', 'government issue', 'soft', 'film', 'reviewer', 'small', 'size', 'back', 'back', 'hit']"
800,29,Cute and airy,Cute layered cami  great colors for summer or fall  very light fabric  tends to get a bit staticy  shorter in the back than expected but a good versatile top,4,1,1,Initmates,Intimate,Intimates,36.2,,,"['fabric', 'camisole', 'color', 'summer', 'back', 'cute', 'layered', 'great', 'versatile', 'bit', 'light', 'short', 'good']"
747,52,Gorgeous but bra runs small,Just received the bra and matching panty in the mail and loved it  the true color is a little darker  i would call it a taupe  the fabric is really nice  i am a 34 c and ordered a medium just from my freepeople bra experiences  and they run small  the medium is perfect for my size  i usually order a small panty  and this one fits  it looks smaller than pictured on the model  this set is one of a kind  the pattern on fabric is really beautiful  i think it is worth the price  if you like lingerie ,5,1,1,Initmates,Intimate,Intimates,4.0,Like,,"['fabric', 'bra', 'panty', 'kind', 'price', 'taupe', 'underwear', '24 bit', 'pattern', 'size', 'model', 'post', 'matching', 'experience', 'nice']"
475,34,So comfy!,This is an awesome bra  it has a reinforced cup underneath  although not an underwire   which i like  i was a little worried that it d be huge  as i m on the smaller side of the natori 36b in other bras  but it fits well and seems like it would accommodate b or c cup ladies  the lace is pretty and it is well made  i want more colors ,5,1,0,Initmates,Intimate,Intimates,4.5,Worry Like,,"['underwire', 'bra', 'lace', 'color', 'lady', 'cup', 'reinforced', 'awesome', 'worried', 'side', 'minor', 'huge']"
88,42,Cute bedtime boyshort,I got these pretty boy shorts because i was looking for a panty that was comfy for bedtime  pretty but with a fair amount of coverage  i am really happy with them  wonderful with a tank top or chemise  i think the ruffles are a bit bulky for skinny jeans  but i love them for sleeping  they feel special ,4,1,0,Initmates,Intimate,Intimates,21.79,Happiness,,"['shorts', 'panty', 'skinny jeans', 'chemise', 'ruffle', 'tank top', 'bedtime', 'child', 'reportage', 'total', 'bit', 'comfortable', 'pretty', 'fantastic', 'fair']"
651,33,,This is a very nice bra  upset though because this is the second time i have ordered something from retailer and the place that the product was made was incorrect on the website  bra was made in peru and website said usa  makes it very hard to be socially responsible on this website  not sure i will continue to shop retailer in the future because of this ,3,1,0,Initmates,Intimate,Intimates,0.4,,Emotionality,"['website', 'bra', 'retailer', 'product', 'locality', 'incorrect', 'nice', 'responsible', 'sure', 'hard']"
247,28,"Very pretty, comfortable",This bra is obviously very pretty and feminine  but i was surprised that it s also really comfortable  it provides a pretty good amount of support  especially for an unlined bra  and feels pretty sturdy despite there not being much there  my 34b fit true to size ,5,1,2,Initmates,Intimate,Intimates,17.2,Surprise,,"['bra', 'amount', 'support', 'size', 'unlined', 'pretty', 'feminine', 'surprised', 'fine', 'comfortable', 'tough', 'truthful']"
83,27,Love this!,I know it s a bit of a moot point since the chemise has sold out   but on the off chance any come back in stock  or if you see one at your local store   i urge you to try it on  the fabric is incredible  so luxurious  it fits me amazingly  i have a hard time with the whole tight chemise slip nightie category of clothing  as i m fairly skinny  but still curvy  and while i love my curves  i do have a muffin top that can get real awkward when you re trying to look sexy  this  however  is a godsend ,5,1,0,Initmates,Intimate,Intimates,-2.59,,Initiative,"['chemise', 'nightdress', 'chemise', 'hard time', 'category', 'muffin top', 'clothing', 'fabric', 'stock', 'store', 'bend', 'come', 'windfall', 'a bit of', 'skinny']"
102,34,,nan,5,1,0,Initmates,Intimate,Intimates,0.0,,,['naan']
760,60,Bridal lingerie.,I ordered  flora nikrooz for my daughter for her wedding   it is beautiful  the delivery was quick    very happy ,5,1,0,Initmates,Intimate,Intimates,15.5,Happiness,,"['vegetation', 'daughter', 'wedding', 'obstetrical delivery', 'beautiful', 'happy', 'fast']"
760,52,Very pretty,True to size  very pretty   as pictured expect that it is more peachy and not this light   i like it and will keep it but just be aware that it is not a pale pink as in the picture ,5,1,0,Initmates,Intimate,Intimates,7.0,Like,Awareness,"['image', 'pink', 'size', 'light', 'neat', 'pale', 'pretty', 'aware', 'true']"
57,31,,Yes  this is a thinner bra  it s almost sheer when you hold it up to the light  but it fit perfectly  36d  and is seamless under even the thinnest tops  i love that its not padded  i feel like it just slightly enhances my natural shape without adding anything more  and i really wish i had bought multiples before they sold out  i can t speak to how it will hold up since i just got it yesterday and i m wearing it for the first time today  but i m keeping my fingers crossed that it will last as wel,5,1,0,Initmates,Intimate,Intimates,10.19,,,"['natural shape', 'bra', 'multiple', 'yes', 'brightness', 'finger', 'seamless', 'rank', 'thin', 'cover']"
38,24,More compliments than i could have imagined,I knew when i bought this bralette that there was something special about it   the intricacy of the design is really pretty as is the style   but seriously   every single time i wear this bralette out  paired with a cute top or dress  i get tons of compliments from all of my friends  i never thought a bralette would spark so much conversation  aside from that it is super durable   i ve had it for a year now  have washed it several times  and it is not stretched out at all or frayed aka it is gre,5,1,0,Initmates,Intimate,Intimates,8.8,,Seriousness,"['compliment', 'intricacy', 'plan', 'aka', 'dress', 'conversation', 'ton', 'style', 'friend', 'time', 'cute', 'paired', 'special', 'lasting', 'cover']"
38,64,,nan,5,1,0,Initmates,Intimate,Intimates,0.0,,,['naan']
38,50,Perfect fit,I love this bralette  i have it in other colors as well and it is always the one i go to when i want comfort ,5,1,0,Initmates,Intimate,Intimates,18.29,,,"['comfort', 'one', 'color', 'other']"
799,64,Great racerback!,I decided to order both the black   sand colors in the m l  very soft   fit is perfect  has adjustable straps  wore under my racerback tank today for my usual walk  the bra   straps were not exposed  it did not rub or irritate at all  it will work well under other tops i have   some dresses that are racerback style  i have other racerback bras but they just haven t worked out   either too uncomfortable or the straps show anyways  this one is perfect  it s soft   lightweight  it has some moderate,5,1,8,Initmates,Intimate,Intimates,7.9,,Organization,"['strap', 'bra', 'dress', 'top', 'haven', 'trend', 'strap', 'black sand', 'fit', 'moderate', 'walk', 'tank', 'some', 'colours', 'adjustable']"
86,48,Size up,It s beautiful  but more sheer on bottom than it appears in photo  size up ,4,1,0,Initmates,Intimate,Intimates,0.4,,,"['photo', 'bottom', 'rank', 'beautiful']"
284,36,,nan,1,0,0,Initmates,Intimate,Intimates,0.0,,,['naan']
87,39,,The fit is gorgeous  but i didn t realize it was completely transparent  when it says  mesh  it means  mesh   i was thinking the  mesh  part was on the bottom  because of how it is cut  high on the shoulders  you can t wear a cami underneath to provide coverage  very cute  but not practical ,3,0,1,Initmates,Intimate,Intimates,8.8,,,"['camisole', 'network', 'practical', 'coverage', 'fit', 'shoulder', 'bed', 'high', 'gorgeous', 'cute', 'transparent']"
704,35,Perfectly sexy and sweet,My bridesmaids gifted this to me at my bridal shower  and of all the lingerie i received that day  this was the most memorable  it is equally romantic and sexy as it is subtly sheer  the delicate eyelash lace detail adds so much flair  i have this in size small and it fits tts  love this piece  i plan to wear this for my boudoir shoot ,5,1,1,Initmates,Intimate,Intimates,18.79,Love,Organization,"['lace', 'genius', 'eyelash', 'underwear', 'bridesmaid', 'detail', 'small', 'bridal shower', 'size', 'shoot', 'boudoir', 'delicate', 'sexy', 'memorable', 'love']"
209,25,Fun ;),This little pantie is fun and playful  its a deep maroon color with small shimmering lace details  the back is sheer but the front is more filled in and opaque  the ribbons on the sides can actually be untied which is a big plus for me  i m a small lass  but i have a big bum so i got a medium and it fits perfectly ,5,1,0,Initmates,Intimate,Intimates,5.59,Amusement,Humour Creativity,"['lace', 'panty', 'medal', 'bum', 'back', 'young girl', 'color', 'shimmering', 'little', 'maroon', 'fun', 'playful', 'rank', 'opaque', 'front']"
743,31,,This nightgown looked so comfy and cute  i ordered a large and it was so uncomfortably tight i m 5 3  and 150lbs  it was such a shame  size large should not just be really a medium ,2,0,3,Initmates,Intimate,Intimates,13.89,Shame,,"['nightdress', 'shame', 'media', 'size', 'comfortable', 'cute', 'large', 'tight', 'such']"
695,32,This product has a beautiful print,This was a gift for a bachelorette  very pretty and sexy without being too over the top  love the print ,4,1,1,Initmates,Intimate,Intimates,41.29,,,"['bachelorette', 'gift', 'print', 'love', 'pretty', 'sexy', 'over-the-top']"
695,27,,Looks exactly as it does in the pictures  very comfortable  loose flowing  and has a slip underneath it  i m personally a little hesitant to buy clothes online because it s always a guessing game when it comes to figuring out what size  with that  i have wide hips big thighs so i tend to vary between medium and large  but thankfully the medium fits like a glove ,5,1,3,Initmates,Intimate,Intimates,2.4,,Gratefulness,"['thigh', 'media', 'glove', 'hip', 'guessing game', 'chit', 'media', 'film', 'size', 'loose', 'clothing', 'hesitant', 'comfortable', 'broad', 'large']"
78,43,Beautiful...runs very small,This bra is beautiful  the lace is so lovely and soft and looks fabulous on  my only criticism is it runs very small  i am a 32 a and order the size 1 and it is snug    just order a size up  or two  and it should be perfect ,4,1,0,Initmates,Intimate,Intimates,19.1,,,"['lace', 'bra', 'sizing', 'size', 'criticism', 'snug', 'beautiful', 'only', 'fabulous', 'perfect', 'soft', 'order']"
48,33,Gorgeous and flattering,I found this set once while browsing the website  i fell in love with it and kept a photo of the set so i could save up to purchase it  as luck would have it  my mom surprised me with a gift card  so i applied it to my purchase  i m so happy with the set  it s wonderfully flattering  and makes me feel sexy  i want one in every color ,5,1,0,Initmates,Intimate,Intimates,3.2,Surprise Happiness Love,,"['mom', 'gift card', 'photo', 'website', 'outfit', 'purchase', 'set', 'color', 'flattering', 'sexy', 'every', 'happy']"
74,25,Exactly as pictured,Love this bra  i was looking for something feminine and sexy and this is perfect  it s exactly as pictured  i was worried the material would be too delicate and fragile  but it s really durable  my only issue is that it fits a tiny bit awkwardly because of the solid material on the side  but it doesn t actually look awkward  just feels a bit odd at first  i highly recommend it if you re looking for something sweet and sexy ,4,1,1,Initmates,Intimate,Intimates,15.5,Worry,,"['bit', 'material', 'bra', 'issue', 'tiny', 'feminine', 'only', 'odd', 'durable', 'fragile', 'sexy', 'awkward', 'perfect', 'solid', 'sweet']"
736,38,Skimpy,I love the look of this bra  but unfortunately it is pretty skimpy and sheer  i need a little more padding to define my shape and i wish it had modesty padding  this wasn t for me so i returned it ,4,1,0,Initmates,Intimate,Intimates,-54.79,,,"['padding', 'modesty', 'bra', 'look', 'form', 'skimpy', 'rank', 'additional']"
736,39,,I really love the look and style of these  i am not a fan of thong underwear  definitely prefer these bikini or  hipster  styles  but sometimes it s hard to find them in attractive design  this pair is definitely attractive and i like how they fit and look a lot  i ve only worn them once and they held up well for the day    i often find lace can rip on the first wear  so i was wary  they did okay  but i do worry that they seem delicate enough i could accidentally stuck a thumb through it and rip,4,1,0,Initmates,Intimate,Intimates,13.8,Worry Like,Bias,"['underwear', 'bikini', 'thong', 'trend', 'way', 'lace', 'wear', 'hipster', 'pattern', 'look', 'thumb', 'aficionado', 'lot', 'attractive', 'couple']"
347,29,Worth the splurge,This is different from any bra i ve had before  in a good way  the lace over the front is really beautiful  and no annoying straps means it s comfortable  fit and support are both great  i didn t notice that it was silk when i ordered  so it was a nice surprise to open something so luxe and elegant  i wasn t expecting an underwire  either  based on the s m l sizing  but it has one ,5,1,0,Initmates,Intimate,Intimates,37.79,,,"['lace', 'sit', 'bra', 'support', 'underwire', 'strap', 'silk', 'sizing', 'surprise', 'luxury', 'annoying', 'comfortable', 'no', 'elegant', 'beautiful']"
98,32,Great for summer,I bought this to wear with a skirt that i wanted to dress down   i needed something that was long enough to be able to tuck it in without having that awkward line  its a great fit ,5,1,0,Initmates,Intimate,Intimates,1.6,,,"['skirt', 'fit', 'awkward', 'able', 'great']"
757,38,Really disappointed,Loved how this draped and im super petite 5 1  32b bust  and this was seriously one of the most ill fitting items i have every owned  i purchased the pxs and it was huge  i hope this has a better fit as the other reviewers seem to have a more positive review  i was just appalled as to how bad the measurements were off  unfortunately the straps are not adjustable so this went below my chest  too sad retailer  please get the fit right  ,1,0,0,Initmates,Intimate,Intimates,-1.89,Worry Sadness,Seriousness Positivity,"['retailer', 'measure', 'bad', 'reviewer', 'chest', 'healthy', 'fit', 'review', 'breast', 'strap', 'shocked', 'detail', 'sad', 'tiny', 'adjustable']"
757,49,,This is a great layering piece  got in orange color and it is really a beautiful shade  i am 5 3  36dd and went with a m  very flowy  nice length  more on the short side   and not see through  i am able to wear without a bra  where the ruffles cover any possible chance of seeing anything     i have a black came from another brand and have literally worn it to pieces  goes well under a jacket for work  a kimono  wrap  denim jacket  just anything  i was a bit disappointed it is  dry clean only   h,5,1,3,Initmates,Intimate,Intimates,0.5,Disappointment,,"['jacket', 'denim', 'wrapper', 'brand', 'kimono', 'work', 'bra', 'black', 'ruffle', 'layering', 'chance', 'side', 'length', 'shade', 'frustrated']"
757,26,Dress me up or down!,Love the color of this shirt  i wear it under a brown leather jacket i purchased  in store ,5,1,1,Initmates,Intimate,Intimates,4.59,,,"['shirt', 'store', 'leather jacket', 'color', 'brown']"
757,27,Great but not quite as expected,I really love this camisole  but it s shorter than i expected ,4,1,1,Initmates,Intimate,Intimates,41.0,,,"['camisole', 'short']"
1158,39,Doesn't fit,Fun  sexy underwear but rides up in the front  will return,2,0,0,Initmates,Intimate,Intimates,-4.0,Amusement,,"['underwear', 'fun', 'sexy', 'front']"
40,36,Natori t back,It is a very pretty bra  light weight and beautiful lace  however  i have yet to find a t back that does not make me feel like i am going to spill out  to me it ran small  i now know to get a 34 instead  i am working on losing weight  perhaps that might help with the fit ,3,1,1,Initmates,Intimate,Intimates,1.5,,,"['lace', 'weight', 'bra', 'fit', 'pretty', 'beautiful', 'light']"
40,39,Pretty and feminine,I do wish this came in a 30dd sizing  purchased he 32d and it fits  though the band is looser than desired  i am still keeping it  i love the back  will be great for some of my dresses ti used to wear strapless bras to wear  recommend ,5,1,0,Initmates,Intimate,Intimates,3.7,,,"['strapless bra', 'dress', 'back', 'ti', 'sizing', 'informal']"
40,43,Functional beauty,I own many of the natori feathers back close bras and decided to try the front close version for spring summer tops and dresses  i purchased the yellow and got the matching hipsters panty  i no longer see the yellow available but you could find elsewhere or maybe retailer will bring this color back  it is lovely    for sizing  i tried my normal size  34b  and the cup size larger per other reviews  the 34c did end up fitting better so i also recommend going up a cup size  excited for warmer weather,5,1,0,Initmates,Intimate,Intimates,11.89,,,"['panty', 'size', 'bra', 'retailer', 'dress', 'spring', 'color', 'summer', 'weather', 'cup', 'review', 'hipsters', 'matching', 'fitting', 'beautiful']"
758,61,Not as pictures,Material is strange  triangle top is funky  this is just not awesome in any way ,1,0,0,Initmates,Intimate,Intimates,-45.29,,,"['domain', 'triangle', 'funky', 'awesome', 'alien', 'cover', 'way', 'any']"
349,49,Petal soft and pretty.,This is a very comfortable bralette  the silk covers one s most sensitive parts  so it feels like you are wearing almost nothing  it s very pretty  too  i wear a 34b bra and the small fits me  it doesn t have a lot of support  but it s very comfortable for wearing at home or on errands  the cups are a little far apart  but it still works  if you re looking for something pretty and comfortable for casual wear  i would recommend this at the sale price ,5,1,3,Initmates,Intimate,Intimates,4.09,,,"['bra', 'silk', 'small', 'keep', 'errand', 'clothing', 'cup', 'sale price', 'many', 'comfortable', 'pretty', 'comfortable', 'comfortable', 'sensitive', 'little']"
644,42,Used to be better,I love and live in these but the recent scoop tanks i purchased were thin  not as great  so i want to recommend them because they are really versatile but the quality has deminished ,3,1,0,Initmates,Intimate,Intimates,-3.79,,,"['exclusive', 'great', 'quality', 'tank', 'versatile', 'recent', 'lean']"
644,32,Pilled immediately,The first time i wore this tank it started pilling around the arms and down the sides  it is terribly quality  and gets worse with every wear and wash  possibly the worst wear on a new clothing item i ve ever seen  like the design and fit  immediately relegated it to a weekend home shirt because it was unprofessionally pilly and the pills are small so can t be shaved off ,1,0,0,Initmates,Intimate,Intimates,-5.19,,Incompetence,"['clothing', 'shirt', 'quality', 'arm', 'pattern', 'item', 'pill', 'weekend', 'tank', 'bad', 'new', 'every']"
644,67,Perfect layering piece,I have this tank in all colors   it is superb for layering   comfortable and i love that you can reverse it for a different neckline   and it s long enough ,5,1,0,Initmates,Intimate,Intimates,10.19,,,"['tank', 'neckline', 'excellent', 'comfortable', 'color', 'all']"
386,57,,Soft fabric  waistband is flat no vpl lace trim cuts in a bit for a little vpl  but still nice lightweight  barely there but full coverage  would buy again ,5,1,0,Initmates,Intimate,Intimates,11.19,,,"['waistband', 'trim', 'fabric', 'lace', 'coverage', 'bit', 'no', 'lightweight', 'little', 'nice', 'level', 'soft', 'full']"
362,60,Sexy and comfortable,Love this chemise  perfect blend of comfort and sexy  i bought it in pink  size small  i m a 32d about 115 lbs and if fit perfectly  i could even probably go to an xs  but i didn t want to wait  the fabric is super soft and the color is vibrant  looks exactly like the picture  decent price ,5,1,2,Initmates,Intimate,Intimates,12.5,,,"['fabric', 'blend', 'price', 'small', 'chemise', 'comfort', 'color', 'size', 'image', 'look', 'perfect', 'vibrant', 'sexy', 'enough', 'pink']"
362,31,Cute & comfy,Love this chemise  the lace detail is cute  the length of the skirt is longer than many of the night gowns you d find in the cute  not frumpy category  and overall it is super soft and comfortable for lounging and sleeping  bought the large  and i m normally around a size 8 10  between medium and large depending on the cut of the item  the large is slightly on the big size  so the straps move around when i sleep  not a big deal for me  so i kept it ,5,1,1,Initmates,Intimate,Intimates,9.19,,,"['chemise', 'skirt', 'lace', 'gown', 'large', 'length', 'night', 'detail', 'big deal', 'size', 'strap', 'category', 'item', 'frumpy', 'cute']"
27,28,So glad this comes in 32 d!,This bra surprised me by how good it looks on  the placement of the lace and cups creates a flattering silhouette ,5,1,0,Initmates,Intimate,Intimates,3.29,Surprise,,"['lace', 'silhouette', 'placement', 'bra', 'cup', 'flattering', 'good']"
737,29,Fits fine - fabric/color not terrific,I ordered this in black and white  thinking you can never have enough silk camisoles      i returned the black because it looked like polyester  the white is actually a cream ivory  not bright white as pictured  it is also not the best feeling quality  however the fit is good  and true to size ,3,1,0,Initmates,Intimate,Intimates,2.4,,,"['camisole', 'white', 'silk', 'polyester', 'ivory', 'sit', 'quality', 'black', 'cream', 'size', 'enough', 'feeling', 'in black and white', 'good', 'undimmed']"
737,50,Nice camisole,I purchased this in the black and received it today   it is silky feeling and is a quality camisole   the color is a muted black  not all shiny as some silks are  and they often look cheap  but this looks great and could be worn alone  under leather  or with a sweater kimono   i usually wear a medium in tops  and this fit true to size   i am 5 2  and it doesn t look too long  but i do wish it came in a petite   still keeping it ,4,1,0,Initmates,Intimate,Intimates,0.1,,,"['camisole', 'regular', 'silk', 'top', 'kimono', 'petite', 'leather', 'sweater', 'size', 'quality', 'color', 'feeling', 'hushed', 'silky', 'all']"
85,46,Trust this brand- hanky pinky,I honestly just love the hanky panky brand  i know it sometimes feels a little extravagant to purchase their lingerie  but the quality  fit and style are so good that it is absolutely worth it  this piece is no exception  i don t normally purchase lingerie like this  but saw this chemise and decided to try it  just as the other pieces from this brand  it s comfortable and gorgeous  so high quality and classy  it s a great cut  the fabric is clearly lace  but beautifully done  and the feel is lov,5,1,0,Initmates,Intimate,Intimates,17.2,,Honesty,"['brand', 'underwear', 'fabric', 'trickery', 'chemise', 'lace', 'quality', 'feel', 'exception', 'way', 'gorgeous', 'classy', 'extravagant', 'no', 'piece']"
503,27,New favorite!,This bra is everything  looks good and feels good  so happy with this purchase  for reference  i am a c cup and got a medium  i do have a little side boob action happening but i m still happy with the fit of the medium,5,1,1,Initmates,Intimate,Intimates,8.3,Happiness,,"['tit', 'bra', 'sit', 'purchase', 'side', 'happy', 'reference', 'event', 'cup', 'action', 'medium', 'good', 'happy', 'potty']"
100,44,Sizing is off,Good design  comfortable fit  however  sizing is way off  i am a 34c and the small fits with minimal support  agree with the previous review  not sure it is a keeper ,4,1,3,Initmates,Intimate,Intimates,21.6,,Pleasantness,"['design', 'fit', 'sit', 'support', 'keeper', 'review', 'way', 'minor', 'minimum', 'comfortable', 'old', 'sure', 'kind']"
1178,34,Great for layering,This tank is fairly soft and fits true to size  i like that i can pick between a v or round neck  depending on my outfit  it truly offers a profile to layer with anything  the only complaint i have is that the edging wears faster than the rest of the tank  i ve trimmed some pilling off of it to keep it looking neat  otherwise  this is one of my favorite tanks  and i have purchase two more so i can always find one when i want it      this tank has some stretch  so i imagine it fits a range of siz,4,1,1,Initmates,Intimate,Intimates,1.89,Like,,"['tank', 'tank', 'two', 'profile', 'purchase', 'edging', 'stretch', 'outfit', 'neck', 'size', 'remainder', 'layer', 'only', 'looking', 'complaint']"
233,67,Now i understand,When ordering this product  i thought it was strange that the mediums were sold out  i went with the small which is generally what i wear  however  these run small and i see why the medium ran out  they are pretty  however  i wish they made them more true to size ,3,0,0,Initmates,Intimate,Intimates,0.6,,Organization,"['small', 'media', 'product', 'size', 'strange', 'true']"
358,29,Good support,I am not a fan of unlined bras  but this one was so pretty i had to try it  the lace doesn t look cheap  but overall i wouldn t have wanted to pay full price  it fits well and the support offers a nice shape  no cone    i might go back for the other color ,5,1,1,Initmates,Intimate,Intimates,13.69,,Bias,"['price', 'lace', 'bra', 'ice cream cone', 'look', 'shapes', 'color', 'electric fan', 'unlined', 'pretty', 'no', 'courteous', 'other', 'entire', 'support']"
773,27,,This bra is very cute and pretty comfortable  i usually wear between a 34d in elle mcpherson and this fit perfect  i got it in black and while it s really cute i was surprised how different the color looked in person vs  online  online it looked to me to have some purple to it  but it is definitely 100  black in person  just an fyi   i also thought the tassel was cute  but it does look a little cheap and flimsy in person  still a great bra ,5,1,0,Initmates,Intimate,Intimates,2.29,Like,,"['bra', 'tassel', 'color', 'black', 'person', 'purple', 'flimsy', 'comfortable', 'cute', 'some', 'cheap', 'perfect', 'great']"
73,35,Calvin klein quality,Love love love this pair of underwear  yes  i m writing this about underwear   they re comfortable  flattering  and no vpl  visible panty line  without having to wear a thong ,5,1,0,Initmates,Intimate,Intimates,53.29,Love,,"['underwear', 'thong', 'panty', 'yes', 'product line', 'about', 'flattering', 'comfortable', 'no', 'couple', 'obvious']"
37,26,,I ordered this in sand and loved it so much when i received it that i went back and ordered it in black as well  it is very flattering and sexy ,5,1,1,Initmates,Intimate,Intimates,7.0,Like,Organization,"['sand', 'black', 'flattering', 'sexy']"
37,27,Beautiful,Beautiful nightie  looks like its really well made and fits really well  i m normally a size 6 8 and the m was perfect  definitely recommend ,5,1,1,Initmates,Intimate,Intimates,14.6,,,"['nightdress', 'size', 'beautiful', 'complete']"
37,41,Gorgeous!,This fit perfectly  i am 5 7   138 pounds and ordered a small  i was very pleased with the way it draped over my body  i bought the black one ,5,1,2,Initmates,Intimate,Intimates,6.3,Satisfaction,,"['body', 'pleased', 'way', 'black', 'little']"
37,25,,It is so beautiful and just as shown in the pictures  very elegant  i normally wear a small and it hung off me just a little ,5,1,1,Initmates,Intimate,Intimates,6.9,,,"['picture', 'little', 'elegant', 'beautiful']"
92,64,,nan,5,1,0,Initmates,Intimate,Intimates,0.0,,,['naan']
714,25,Great slip but runs small,This sleep is super flattering on but it runs quite small  and short   it has a lot of stretch to the fabric and my normal size felt like i had a large spanx slip on  like i said  great slip but i d recommend ordering up a size if you want it to look like the model ,5,1,2,Initmates,Intimate,Intimates,13.5,,,"['sleep', 'stretch', 'fabric', 'chit', 'size', 'mannequin', 'many', 'sizing', 'normal', 'flattering', 'short']"
58,41,Thank goodness!,I have been having the worst trouble lately finding cute  comfortable cotton undies   until i found these  these fit like a charm  are incredibly soft  and don t ride up at all   sizing in spot on   plus they have the adorable lace trim that makes one feel nice and girly  last summer there was a nyt article saying that comforable underwear was coming back in style    yay  ,5,1,2,Initmates,Intimate,Intimates,5.69,Joy,Self-confidence,"['lace', 'trim', 'underwear', 'undies', 'article', 'cotton', 'appeal', 'way', 'topographic point', 'trouble', 'adorable', 'girly', 'nice', 'cute', 'comfortable']"
43,31,Pretty,Bra s great  but it has a lot of push up padding  this might be nice for smaller cup sizes  but for a 34dd  it was a little overkill unnecessary ,5,1,0,Initmates,Intimate,Intimates,21.79,,,"['get-up-and-go', 'bra', 'overkill', 'size', 'many', 'cup', 'unnecessary', 'nice', 'little', 'brief']"
84,79,,Runs large  but very beautiful and sexy  the straps are elastic so better to size down ,4,1,0,Initmates,Intimate,Intimates,28.7,,,"['strap', 'size', 'elastic', 'sexy', 'beautiful', 'good']"
33,19,"Pretty, but not the most comfortable",I got the burgundy color and i do have to say that the color looks a little better online than it does in person  but it s not too much of a difference  this is a really cute thong  and if you re just trying to be sexy romantic  then i think it would be fine and there s nothing at all wrong with it  however  i like to wear thongs just in general because i think they re comfortable and i like not having to worry about panty lines  and this is definitely not the most comfortable  the front pattern,4,1,0,Initmates,Intimate,Intimates,0.4,Love,Apprehension,"['burgundy', 'thong', 'panty', 'pattern', 'sexy', 'color', 'color', 'product line', 'difference', 'cute', 'fine', 'comfortable', 'love', 'front']"
361,36,,nan,4,1,0,Initmates,Intimate,Intimates,0.0,,,['naan']
361,22,Cannot get enough of this!,This is beautiful and fits perfect  it s even prettier in person  and extremely comfortable and high quality  i m 5 3  and it hits right above the knee  the straps are adjustable and fits true to size  i bought an xs and it fits perfect  must buy for a sweet little night gown ,5,1,0,Initmates,Intimate,Intimates,21.2,,Violence,"['strap', 'knee', 'high quality', 'gown', 'size', 'night', 'adjustable', 'comfortable', 'pretty', 'perfect', 'beautiful', 'true', 'neat', 'little']"
44,29,Classic and comfortable,Great bra  fits well  works under tighter t shirts  just be aware that the straps do clearly read calvin klein  more mauve than pink ,5,1,0,Initmates,Intimate,Intimates,8.0,,Awareness,"['work', 'bra', 'shirt', 'strap', 'mauve', 'pink', 'tight', 'great', 'aware']"
101,79,So cute!,It is an expensive panty  but so worth the money  it is so unique and flattering ,5,1,0,Initmates,Intimate,Intimates,11.5,,,"['worth', 'money', 'flattering', 'expensive', 'unique']"
99,44,Sizing is off,The bra is comfortable and the design is good  however  the sizing is way off  i am a 34c and the small fits well with minimal support  not sure about quality  this one might have to go back   ,2,1,1,Initmates,Intimate,Intimates,-7.69,,Pleasantness,"['well', 'sizing', 'bra', 'fit', 'quality', 'innovation', 'minor', 'minimum', 'comfortable', 'support', 'sure', 'kind', 'way']"
202,39,,This bra is so soft and comfortable i feel like i m not wearing a bra at all  except i have the gentle support i need  the material is very thin and the pink color is see through  so not recommended under a white or see through shirt  perfect for sleeping or lounging in ,5,1,0,Initmates,Intimate,Intimates,15.3,,,"['bra', 'material', 'shirt', 'comfortable', 'gentle', 'support', 'color', 'pink', 'recommended', 'soft', 'thin', 'perfect', 'white']"
202,60,So comfortable,Great style and cut  love the deep v  the fabric is soft and its very comfortable  it gives some support  i don t wear it with light blouses or shirts  unless i m hanging around the house  i have this is pink and black ,5,1,0,Initmates,Intimate,Intimates,6.8,,,"['blouse', 'fabric', 'deep', 'support', 'shirt', 'style', 'house', 'comfortable', 'pink', 'some', 'soft', 'black', 'light']"
42,23,Lovely,Makes me feel like a sexy ice skater  true to size  i am 5 0 and 120 lb and both the small and medium fit  i kept the medium  love it ,5,1,1,Initmates,Intimate,Intimates,2.7,Like,,"['small', 'regular', 'medium', 'ice-skater', 'size', 'sexy', 'true']"
42,25,Love this!,I was so excited to receive this in the mail  it fits true to size and is extremely flattering  so glad that i made this purchase,5,1,1,Initmates,Intimate,Intimates,9.8,Excitement,,"['purchase', 'size', 'flattering', 'glad', 'excited', 'post', 'true']"
42,27,,nan,5,1,0,Initmates,Intimate,Intimates,0.0,,,['naan']
748,45,,Adorable  great for yoga or everyday use  can even fit a strapless bra under with no showing i purchased the black   i m 5 4   usually a 6 8 and it fit great ,5,1,1,Initmates,Intimate,Intimates,6.3,,,"['strapless bra', 'great', 'yoga', 'use', 'adorable', 'daily', 'black']"
39,31,Sexy and classic,This is my first time purchasing a bra from this brand and i am in love  the style and quality are amazing  it is the most comfortable bra i owned to date and i will be buying more from this line  it provides a lift without all of the uncomfortable padding which requires continuous adjusting  i am saying goodbye to vs forever  i got this in red and the bra looks more expensive than it actually is and the fit is simply amazing it is sexy and classic at the same time ,5,1,2,Initmates,Intimate,Intimates,10.0,,,"['bra', 'brand', 'goodbye', 'padding', 'quality', 'lift', 'fit', 'red', 'style', 'sexy', 'uncomfortable', 'comfortable', 'amazing', 'outstanding', 'expensive']"
39,26,Lovely!,Well made  gorgeous bra  the  red  is more wine in person  which is great  this bra runs quite small  go up at least 1 band and 1 cup size  i got a 36c and it fits great   i m a 34b across brands like vs  etc     you ll feel extra saucy and a bit mischievous knowing you re wearing something this sexy ,5,1,0,Initmates,Intimate,Intimates,4.69,,,"['bra', 'red wine', 'wine', 'brand', 'run', 'll.', 'cup', 'size', 'go', 'band', 'gorgeous', 'cheeky', 'impish', 'more', 'other']"
353,54,Amazing,Hands down most comfortable bra ever ,5,1,0,Initmates,Intimate,Intimates,61.09,,,"['bra', 'comfortable']"
46,52,It's a no,Got this in the sky color  returned it because the top is way too sheer for me  if you know what i mean  i wanted a pretty gown i can wear without a robe in front of my kids  no can do  also  for the price  material just felt flimsy   cheap  it does run small   the medium was good on me and i m 5 2   114   34b,2,0,0,Initmates,Intimate,Intimates,-0.8,,,"['textile', 'gown', 'price', 'robe', 'regular', 'child', 'color', 'sky', 'flimsy', 'pretty', 'rank', 'good', 'top']"
388,54,Great! but delicate,These are great  the colors are a little different in real life  they are really great but i think they are a bit delicate and i hope they hold up ,4,1,0,Initmates,Intimate,Intimates,23.6,,,"['real world', 'bit', 'color', 'ticklish', 'great', 'different', 'neat']"
46,54,Truly a fine gown for the feminine!,A finely laced sheer bustier along with a gown split along the sides makes for a lovely sleeping garment  the material is cooling and the lace is not itchy ,5,1,0,Initmates,Intimate,Intimates,12.39,,,"['gown', 'lace', 'bustier', 'material', 'sleeping', 'itchy', 'tied', 'transparent', 'lovely']"
46,42,Love,I love this gown so much  i would wear it everyday if i could  it is cozy  beautiful  and feels special like an heirloom  the top is perfect coverage and the skirt is so soft  color is much prettier than the photo picks up    i love this gown  my favorite  hands down ,5,1,7,Initmates,Intimate,Intimates,42.4,,,"['gown', 'skirt', 'photo', 'hand', 'heirloom', 'coverage', 'color', 'cosy', 'pretty', 'favourite', 'everyday', 'beautiful', 'special', 'perfect', 'soft']"
95,24,Pretty but runs way too small,I really was looking forward to this piece but unfortunately it was too small to even pass through my head nevertheless i couldn t even get both arms in  i got a size small and probably needed a large  but as far as the quality and color  it s really pretty  just go up a size or two if anything and try it out ,3,0,0,Initmates,Intimate,Intimates,-3.5,Excitement,,"['small', 'size', 'arm', 'quality', 'head', 'both', 'far', 'color', 'little', 'large', 'piece']"
49,27,Love this piece!!!,This piece fits true to size and is very flattering on  sometimes i worry about my stomach not being perfectly flat  but this wasn t an issue at all  probably because of the intricate lace details  the fabric is substantial enough that i don t feel like it ll get a hole in it after multiple wears ,5,1,2,Initmates,Intimate,Intimates,-2.7,Worry,Concern,"['fabric', 'lace', 'issue', 'll.', 'wear', 'stomach', 'piece', 'fix', 'size', 'apartment', 'intricate', 'multiple', 'real', 'real']"
700,67,,I ordered this bra in my normal size 32d  and it fits me perfectly  this bra is beautiful  the material seems to be very high quality  and the comfort of this bra is amazing  it s definitely a keeper ,5,1,1,Initmates,Intimate,Intimates,19.79,,Organization,"['bra', 'size', 'material', 'comfort', 'normal', 'keeper', 'outstanding', 'beautiful', 'high quality']"
369,36,Not comfortable because of itchy tags,3 tags   one quite huge  about 2   by 3      very itchy  so i cut out the tags and they are sewn with some kind of hard poky plasticy thread   now even more itchy  i will have to wear these inside out ,1,0,1,Initmates,Intimate,Intimates,-8.19,,,"['kind', 'thread', 'pokey', 'itchy', 'huge', 'some', 'label', 'hard']"
32,22,,I absolutely adore this set  it s beautifully constructed   perfect for something special but comfortable enough for everyday wear  i normally wear a 32 c but got the 34 a b and it fits perfectly  my only complaint is that the longline portion tends to ride up and rest just below the underwire  as there is no band holding the lace in place along the bottom  still  it is far and away my favourite bra and i highly recommend it ,4,1,0,Initmates,Intimate,Intimates,6.0,,,"['lace', 'underwire', 'bra', 'longline', 'perfect', 'clothing', 'destiny', 'band', 'locality', 'remainder', 'bottom', 'favourite', 'no', 'only', 'casual']"
694,36,Very pretty,The design is gorgeous and the fabric feels great  not a lot of functionality  then again i did buy the kimono to feel sexy and not to keep warm  i ordered the xsmall small and feel i should have ordered the med large  unless you re super tiny fit  i d recommend sizing up here  i bet it would still be super flattering a touch larger ,4,1,5,Initmates,Intimate,Intimates,1.89,,Organization,"['fabric', 'kimono', 'small', 'functionality', 'pattern', 'drug', 'tiny', 'touch', 'many', 'gorgeous', 'sexy', 'flattering', 'super', 'warm']"
687,30,A little short,Overall very pretty ,5,1,1,Initmates,Intimate,Intimates,35.09,,,['pretty']
687,25,Great item for a future bride,I love this robe and can t wait to wear it while i m getting ready for my upcoming wedding  the only con that i can see is that the sleeves are a bit baggy  but other than that it s perfect ,4,1,0,Initmates,Intimate,Intimates,17.1,,,"['robe', 'wait', 'arm', 'wedding', 'ready', 'con', 'baggy', 'coming', 'bit', 'perfect']"
1161,54,Super sexy perfect fit!,I didn t have high hopes for these  because things seem to  ride  on me  but these stay put  and i love the adjustable sides    these are a pretty color  i ordered the raspberry and the silver grey and love both  i normally would not pay a ton for undies  but these are worth every dollar  i have a larger bottom  so purchased the large  but sometimes i can wear medium  so this is great  being adjustable ,5,1,0,Initmates,Intimate,Intimates,10.6,,,"['silver grey', 'raspberry', 'dollar', 'undies', 'ton', 'bed', 'hope', 'color', 'regular', 'adjustable', 'worth', 'pretty', 'high', 'larger', 'every']"
387,34,Don't even know they are there!,I bought these to have a pair between standard fair and sexy  but these are so comfortable and gorgeous i would wear them everyday  it doesn t even feel like i am wearing anything  love these ,5,1,0,Initmates,Intimate,Intimates,23.6,,,"['duo', 'gorgeous', 'sexy', 'everyday', 'comfortable', 'standard', 'just']"
430,23,,A great long line bra  beautiful and well made however it s tough to get the fit perfectly right  i usually wear a 32 b or 34 a and am 115lbs  the small was the best fit as the 32  xs  was a very small 32  i could almost say it more of a 30 if that s even a size  it also rubs my skin few places so definitely not meant to be worn for more than a few hours  otherwise i recommend it ,4,1,1,Initmates,Intimate,Intimates,7.09,,Healthy lifestyle,"['small', 'skin', 'bra', 'size', 'hour', 'slot', 'healthy', 'line', 'rugged', 'few', 'beautiful', 'long', 'great']"
